timestamp,value
2026-09-28T22:00:00Z,1.643746
2026-09-28T22:15:00Z,1.631843
2026-09-28T22:30:00Z,1.620779
2026-09-28T22:45:00Z,1.610603
2026-09-28T23:00:00Z,1.601358
2026-09-28T23:15:00Z,1.593083
2026-09-28T23:30:00Z,1.585814
2026-09-28T23:45:00Z,1.579582
2026-09-29T00:00:00Z,1.574414
2026-09-29T00:15:00Z,1.570332
2026-09-29T00:30:00Z,1.567354
2026-09-29T00:45:00Z,1.565491
2026-09-29T01:00:00Z,1.564753
2026-09-29T01:15:00Z,1.565141
2026-09-29T01:30:00Z,1.566656
2026-09-29T01:45:00Z,1.569289
2026-09-29T02:00:00Z,1.57303
2026-09-29T02:15:00Z,1.577864
2026-09-29T02:30:00Z,1.583768
2026-09-29T02:45:00Z,1.590718
2026-09-29T03:00:00Z,1.598684
2026-09-29T03:15:00Z,1.607632
2026-09-29T03:30:00Z,1.617524
2026-09-29T03:45:00Z,1.628317
2026-09-29T04:00:00Z,1.639965
2026-09-29T04:15:00Z,1.652419
2026-09-29T04:30:00Z,1.665624
2026-09-29T04:45:00Z,1.679524
2026-09-29T05:00:00Z,2.054061
2026-09-29T05:15:00Z,2.069171
2026-09-29T05:30:00Z,2.084789
2026-09-29T05:45:00Z,2.10085
2026-09-29T06:00:00Z,2.117284
2026-09-29T06:15:00Z,2.134021
2026-09-29T06:30:00Z,2.150989
2026-09-29T06:45:00Z,2.168115
2026-09-29T07:00:00Z,2.185326
2026-09-29T07:15:00Z,2.202549
2026-09-29T07:30:00Z,2.21971
2026-09-29T07:45:00Z,2.236735
2026-09-29T08:00:00Z,2.253551
2026-09-29T08:15:00Z,2.270086
2026-09-29T08:30:00Z,2.28627
2026-09-29T08:45:00Z,2.302033
2026-09-29T09:00:00Z,2.317308
2026-09-29T09:15:00Z,2.332029
2026-09-29T09:30:00Z,2.346134
2026-09-29T09:45:00Z,2.359561
2026-09-29T10:00:00Z,2.372254
2026-09-29T10:15:00Z,2.384157
2026-09-29T10:30:00Z,2.395221
2026-09-29T10:45:00Z,2.405397
2026-09-29T11:00:00Z,2.414642
2026-09-29T11:15:00Z,2.422917
2026-09-29T11:30:00Z,2.430186
2026-09-29T11:45:00Z,2.436418
2026-09-29T12:00:00Z,2.441586
2026-09-29T12:15:00Z,2.445668
2026-09-29T12:30:00Z,2.448646
2026-09-29T12:45:00Z,2.450509
2026-09-29T13:00:00Z,2.451247
2026-09-29T13:15:00Z,2.450859
2026-09-29T13:30:00Z,2.449344
2026-09-29T13:45:00Z,2.446711
2026-09-29T14:00:00Z,2.44297
2026-09-29T14:15:00Z,2.438136
2026-09-29T14:30:00Z,2.432232
2026-09-29T14:45:00Z,2.425282
2026-09-29T15:00:00Z,2.417316
2026-09-29T15:15:00Z,2.408368
2026-09-29T15:30:00Z,2.398476
2026-09-29T15:45:00Z,2.387683
2026-09-29T16:00:00Z,2.376035
2026-09-29T16:15:00Z,2.363581
2026-09-29T16:30:00Z,2.350376
2026-09-29T16:45:00Z,2.336476
2026-09-29T17:00:00Z,2.321939
2026-09-29T17:15:00Z,1.946829
2026-09-29T17:30:00Z,1.931211
2026-09-29T17:45:00Z,1.91515
2026-09-29T18:00:00Z,1.898716
2026-09-29T18:15:00Z,1.881979
2026-09-29T18:30:00Z,1.865011
2026-09-29T18:45:00Z,1.847885
2026-09-29T19:00:00Z,1.830674
2026-09-29T19:15:00Z,1.813451
2026-09-29T19:30:00Z,1.79629
2026-09-29T19:45:00Z,1.779265
2026-09-29T20:00:00Z,1.762449
2026-09-29T20:15:00Z,1.745914
2026-09-29T20:30:00Z,1.72973
2026-09-29T20:45:00Z,1.713967
2026-09-29T21:00:00Z,1.698692
2026-09-29T21:15:00Z,1.683971
2026-09-29T21:30:00Z,1.669866
2026-09-29T21:45:00Z,1.656439
